epoch,time,train/box_loss,train/pose_loss,train/kobj_loss,train/cls_loss,train/dfl_loss,metrics/precision(B),metrics/recall(B),metrics/mAP50(B),metrics/mAP50-95(B),metrics/precision(P),metrics/recall(P),metrics/mAP50(P),metrics/mAP50-95(P),val/box_loss,val/pose_loss,val/kobj_loss,val/cls_loss,val/dfl_loss,lr/pg0,lr/pg1,lr/pg2
1,102.937,0.99263,9.63061,0.6922,0.83263,1.35747,0.95213,0.9293,0.97766,0.7807,0.44729,0.229,0.13807,0.02013,0.86874,7.04581,0.55465,0.50137,1.24765,0.00333042,0.00333042,0.00333042
2,201.872,0.89037,7.27101,0.64037,0.62481,1.25448,0.93401,0.9227,0.97216,0.74902,0.71671,0.45517,0.40592,0.13497,0.91491,5.50971,0.4112,0.55181,1.28507,0.00659778,0.00659778,0.00659778
3,302.714,0.94033,6.42953,0.59028,0.68316,1.28336,0.93005,0.92802,0.96909,0.76989,0.76907,0.50704,0.51867,0.26964,0.89365,4.53312,0.33156,0.52953,1.2554,0.00979914,0.00979914,0.00979914
4,402.276,0.95645,6.00446,0.52204,0.6998,1.28867,0.91768,0.89472,0.95316,0.74774,0.8036,0.5812,0.58783,0.34835,0.90375,4.08847,0.27001,0.60507,1.27566,0.009703,0.009703,0.009703
5,500.766,0.92166,5.57036,0.46817,0.65871,1.25944,0.9325,0.89114,0.9455,0.72697,0.6532,0.49449,0.41743,0.23137,0.97507,4.58778,0.22753,0.60065,1.37625,0.009604,0.009604,0.009604
